address,tx_count
0x06012c8cf97bead5deae237070f9587f8e7a266d,4933782
0x06a6a7af298129e3a2ab396c9c06f91d3c54aba8,646386
0xd73be539d6b2076bab83ca6ba62dfe189abc6bbe,443133
0x1a94fce7ef36bc90959e206ba569a12afbc91ca1,181016
0xf5b0a3efb8e8e4c201e2a935f110eaaf3ffecb8d,148041
0x7fdcd2a1e52f10c28cb7732f46393e297ecadda1,119715
0x8c9b261faef3b3c2e64ab5e58e04615f8c788099,109108
0x2a46f2ffd99e19a89476e2f62270e0a35bbf0756,105582
0xf915bbfbb6c097dc327e64eec55e9ef4d110d627,78954
0xb932a70a57673d89f4acffbe830e8ed7f75fb9e0,69038
0xd2f81cd7a20d60c0d558496c7169a20968389b40,60866
0x875eaa41917ced7c1e435272888d23f05098fc97,59575
0xf7a6e15dfd5cdd9ef12711bd757a9b6021abf643,50120
0xa98ad92a642570b83b369c4eb70efefe638bc895,42682
0x41a322b28d0ff354040e2cbc676f0320d8c8850d,40603
0x5f5ff74b198e5095069cf132d2523dbae516613f,37163
0xdceaf1652a131f32a821468dc03a92df0edd86ea,36926
0xe58af3dcbe423c1e330f9d6e61cd47cb530239ac,36781
0xfbeef911dc5821886e1dda71586d90ed28174b7d,34102
0xbb5ed1edeb5149af3ab43ea9c7a6963b3c1374f7,33832
0x8bc67d00253fd60b1afcce88b78820413139f4c6,33602
0xdf5d68d54433661b1e5e90a547237ffb0adf6ec2,32102
0x6ac07b7c4601b5ce11de8dfe6335b871c7c4dd4d,31995
0x67cbbb366a51fff9ad869d027e496ba49f5f6d55,30931
0x273f7f8e6489682df756151f5525576e322d51a3,30027
0x4f41d10f7e67fd16bde916b4a6dc3dd101c57394,28988
0xaadba140ae5e4c8a9ef0cc86ea3124b446e3e46a,28448
0x4d3814d4da8083b41861dec2f45b4840e8b72d68,28435
0x663e4229142a27f00bafb5d087e1e730648314c3,26812
0x011c77fa577c500deedad364b8af9e8540b808c0,25693
0x2aea4add166ebf38b63d09a75de1a7b94aa24163,24004
0x2d9e5de7d36f3830c010a28b29b3bdf5ca73198e,23325
0x5d00d312e171be5342067c09bae883f9bcb2003b,23086
0xe694010c4f1fcd35ebc04ceb60f847caaf2cd6f2,23070
0xfd89ea92f6ec07d955e2adbba2400ca1a6369028,22828
0x2c2391f793f4f81475d87fffe366458ce5380a13,21542
0x18ddd7fedc4b1a5a414cded8e5be6c40408a95dc,21350
0x3ca53be299c765cdc66cc1723f8b3eefb3aaa413,20728
0x20bd491fee75b6af6c2100c83b83312d620f2958,17521
0x31af195db332bc9203d758c74df5a5c5e597cdb7,16640
0x87d598064c736dd0c712d329afcfaa0ccc1921a1,16523
0xfc249b4a5ada66c25392c10b8f40ad284b6f185d,16523
0x79986af15539de2db9a5086382daeda917a9cf0c,14766
0x71c118b00759b0851785642541ceb0f4ceea0bd5,14357
0x4243a8413a77eb559c6f8eaffa63f46019056d08,14087
0x9d9c250311b65803c895cc77f878b8092019dedc,14068
0xb6fc6e2385d55ccb83e297bd92e2bd89795b47a3,13514
0xda9f43015749056182352e9dc6d3ee0b6293d80a,13441
0xd4048be096f969f51fd5642a9c744ec2a7eb89fe,13335
0xe12e5b46be75efa04b5ebd3fa5935fb6ee6d32c7,13165
0xbfde6246df72d3ca86419628cac46a9d2b60393c,12864
0x1d963688fe2209a98db35c67a041524822cf04ff,12315
0xc4a21f9a38b813b2c8e3f2e01c8d7547a99ed2b7,12275
0xe14ad72ffdc688cc02c66493c8f696c34c57ff37,12112
0xd26386adbe8a58a0f8d6382a89d41c22245eaeff,11616
0x9884d4e9b305ad015168e9d6e4400582dce2cd59,11422
0x995020804986274763df9deb0296b754f2659ca1,11251
0x1710d860034b50177d793e16945b6a25c7d92476,10923
0x3d9bca6b5922a37968671d9869ae68cc0de6de6e,9977
0xabc7e6c01237e8eef355bba2bf925a730b714d5f,9908
0x92cb5f1fbabbcbdd891b9cbd8e9a056c8c1eebef,9774
0xc2d8db56c50f253d1279da6760345fe78f784ed9,9570
0x5372f926b34be60ac1436372107c3ee8c6e056e5,9018
0x79215cde52b4e8e4d46dd81f45e38b88d2290815,8626
0xd70f41dd5875eee7fa9dd8048567bc932124a8d2,8572
0x913ae503153d9a335398d0785ba60a2d63ddb4e2,8297
0x07712e925a753da463d3be2f4731957857dce42a,8259
0xbace7e22f06554339911a03b8e0ae28203da9598,8197
0x24d0cbd0d5d7b50212251c5dc7cb810e7af71f6a,8168
0x84ac94f17622241f313511b629e5e98f489ad6e4,8136
0x33eecbf908478c10614626a9d304bfe18b78dd73,7992
0x7d152fe26431e6585dbff9ef37e375e49b862739,7876
0x91094bc91e7a3b86a69980433d0bee55a1d6cbb3,7806
0x7aa46ed92bb48ad6825b2bf2003d3d928e84f853,7653
0x099a16f0414cb0cc0555d5f1f8140166462d39ff,7513
0x6023da5c4ed130e73cd816ec931b562db2c346bb,7210
0xa56a4f2b9807311ac401c6afba695d3b0c31079d,7026
0x45929d1754e9fc5450acfbe11f3d620fa2316f3d,6834
0x94d4a314fc718adfb3e9e25d3e3a984862ec7f1b,6812
0xe3d5b07e929ef8fcc78572f135b4e31c3490be06,6811
0xaec5cf7fa497c2b27a6f37ee0c817c619b42c03a,6700
0xb8f9bfc712e77f9dffe22ea8f9adae8d4314d0d2,6498
0x788defd1ae1e2299d54cf9ac3658285ab1da0900,6340
0xf2665d9fb3a0ad17a7454da077bec9cc159f644a,6271
0xc782ab25dac76565d3fdede36fcf87227c9217da,6253
0x0144b7e66993c6bfab85581e8601f96bfe50c9df,6187
0xc70be5b7c19529ef642d16c10dfe91c58b5c3bf0,6108
0xb545507080b0f63df02ff9bd9302c2bb2447b826,6030
0xe440654a00b757446b4914c56ad56a804a6bc6af,6019
0xb2c0782ae4a299f7358758b2d15da9bf29e1dd99,5987
0x7e72c07706bfb258ce6a5b893457f7d4bb15f44b,5977
0x81d8e220a6240d1b6dc42d13ed7e0316aa89f265,5865
0xfcad2859f3e602d4cfb9aca35465a618f9009f7b,5844
0x05dbbe4baed86d9b1da83e67dea6326e2617dad2,5816
0xa5446d4c8e4c2c1a36f667db72553a1c105191b4,5788
0x25692da406889bf4db93f921063d9bc952bd01d0,5576
0x203393330560cf43893ae7051d1b787844f13080,5509
0x6b106609bbea6f4c9ace8836aa3fb04c6b586c4e,5501
0xcfbc9103362aec4ce3089f155c2da2eea1cb7602,5319
0xb57756d92bd170a66b4f361eafbfd13e625372c2,5252
0xf766b3e7073f5a6483e27de20ea6f59b30b28f87,5126
0x13492019d9ff6978fe4e1fc030d4e1b811f31750,5065
0xd112f302969901fedd28756efe8170b80c746ccc,5050
0xba5a17f8ad40dc2c955d95c0547f3e6318bd72e7,4861
0x6abab28fa94f76789844141b09a560a521fe5ba0,4824
0x32e3ae01eab5d5d5e95aad5d4936a8bf6421a61d,4820
0xaaf1554f6d075870cabadaa746bebfa11bd3db64,4752
0xe727e3994fda69f1b7d239887539e84d795de66e,4671
0xedb94888eff041eb50c9fc92c360f66afb3b94c5,4651
0xa6d954d08877f8ce1224f6bfb83484c7d3abf8e9,4518
0x0111ac7e9425c891f935c4ce54cf16db7c14b7db,4502
0x4e34ec528a663194f4dfe40641e8a3a98abb6e84,4500
0x4fece400c0d3db0937162ab44bab34445626ecfe,4472
0xda2686fd32c6b74d55605cfb48bef331771e7fc6,4469
0x31d4c5be1082a88f2abafea549b6c189c2cf057f,4393
0xe9e3f9cfc1a64dfca53614a0182cfad56c10624f,4392
0x36f16a0d35b866cdd0f3c3fa39e2ba8f48b099d2,4324
0xe897e5953ef250bd49875fe7a48254def92730b9,4239
0x6fecaa110f74c8181e4a90285b1065be32596c9d,4140
0x323a3e1693e7a0959f65972f3bf2dfcb93239dfe,4061
0x909899c5dbb5002610dd8543b6f638be56e3b17e,3994
0xd79b3d20bf9e9d54c4da992fda0b52861fb67575,3948
0xdcaad9fd9a74144d226dbf94ce6162ca9f09ed7e,3919
0xe6d1cf4945c90409963227caf95cfab0dcd61537,3896
0x984976f6aca045057cc2a9de3d86a6b6d8aea346,3886
0xa9e3440d5c64e99c77410ec4b15746b835add59e,3850
0x539cdd7e257e686336914d1723f044e17a922d3d,3817
0xecdea46daad5a8b8d7b51ef935a9f5fc2311c801,3779
0xda84a1ec664b15d2ebb64ca2bece34220d2a9727,3679
0x53e3a7ec57132173ce615debb9a303fd2cd86789,3642
0xecd6b4a2f82b0c9fb283a4a8a1ef5adf555f794b,3627
0xda9c03dfd4d137f926c3cf6953cb951832eb08b2,3451
0xc75e132cb0079b1a1109f7fab7aef2c9dd334140,3434
0xd3551ab3018edb9e1c1111e966cceffdf625a730,3414
0xeca47dae7262d46f9e0cae8c444c528bdf2b90d2,3364
0x9eea7965ee59c304f81d602ae1d9a3d624429d9d,3340
0xea5eebee2923c0d0506d2ff306e839e781e6c7c9,3294
0x8a1190c9a21ccc195a943ec9ee434620461b46b2,3240
0xd90f5ebc01914bbd357b754956aafb199f4d1624,3162
0x286e052bc8250250566683424001ee5224867d91,3117
0xa92e3ab42c195e52c9fbf129be47ecbb03845dfd,3094
0x877bec43dd0e3555eda424e0e0601ed0750aa3cc,3092
0x6f4e647f553397dc999382ad3a9c5336c5de27aa,2963
0x3910d4afdf276a0dc8af632ccfceccf5ba04a3b7,2963
0x5fbc6aeb4a868b0f930fbe34581188b7bff5ab62,2919
0x0e559f7771d8fbd2dda30a4eae12c07179907d53,2905
0x7a4c7d5f70889468ae76041e16c640eb9038b5ff,2874
0x5caebd3b32e210e85ce3e9d51638b9c445481567,2847
0x99474b0a565dd095555636d85803cdca7276b931,2843
0x2e7570255ac8c449217fb15405fac01f5408d114,2824
0x7a8ce4beffe38f431a2f12e1a8b7d7dae62df359,2820
0xec516efecd8276efc608ecd958a4eab8618c61e8,2743
0x2e7ae73127595ad323710836015eac722d0089dc,2737
0x8e44ebb62ef1d1191eda8e5f1cb2ffc279182c5b,2710
0x15dd447b5ecf63432909a4655037b43898fabf19,2690
0xdda32aabbbb6c44efc567bac5f7c35f185338456,2689
0x9cf63efbe189091b7e3d364c7f6cfbe06997872b,2664
0x676a72917a06c32df5bd01687a175411bfa7fd79,2647
0x032c7d517f6e86384c1f40bbb81630ba937af02d,2633
0x7a19322ac0025c697fd4a4fd4dfc3ed559795625,2631
0xc95c0910d39d1f6cd3bd71e4b689660c18172b7b,2617
0xf26a23019b4699068bb54457f32dafcf22a9d371,2615
0xefabe332d31c3982b76f8630a306c960169bd5b3,2614
0xf02dfb3f6284ae4317d7940b3e6005d39c68436e,2602
0x03e99afd576eaf6b818d58a4efc59d2d0cbf1678,2570
0x197492ccb4b1acaaacd43432657a17832e36ab49,2525
0xdf6e32d85d17e907e0da157fab7c12788e7161da,2429
0xa97ff44cff7101fac76af172f088f400f28cb4e9,2412
0xe26b758708f39276f879c0a187d9a789fc26c38e,2394
0x3c642be0bb6cb9151652b999b26d80155bcea7de,2392
0x37db48e917f23bea8037bcac9e48c027afc2410c,2376
0x3cd41ec039c1f2dd1f76144bb3722e7b503f50ab,2351
0x3012d31fcc4b6a7fa03bb0af1fba9639f405edea,2319
0x5536b6aadd29eaf0db112bb28046a5fad3761bd4,2283
0xe9b9480767774ccb29f3502629bfab1ed74bee36,2281
0xf794f9e028d168a59341aaf77fc8f57f33ddc6cf,2255
0xf030b8fbe57c4498298449fc78a0f7054a5ef76d,2255
0x69a1d45318de72d6add20d4952398901e0e4a8e5,2254
0x319944872abe84f4a0c8ee2e68e436fa121f9824,2250
0x9ef27de616154ff8b38893c59522b69c7ba8a81c,2245
0xf3821adaceb6500c0a202971aecf840a033f236b,2239
0xb2ee4acf44b12f85885f23494a739357575a1760,2237
0x670f9bac6088fcc2adcba8ffced26437665a6d1f,2235
0x3a1957a0b9755d78c77e301410b254b6147a400c,2231
0x095c3f21a8ddf9307e5d7091f8ee5d1dcfd2d705,2226
0xdf203118a954c918b967a94e51f3570a2faba4ac,2214
0x8fa86ed71a1f1783fb402b1d1ef44aadaec02f42,2211
0x37695523d9c82c453ff387a28b75c7c6ffa90aca,2204
0xe97b5fd7056d38c85c5f6924461f7055588a53d9,2202
0x1b5242794288b45831ce069c9934a29b89af0197,2182
0x36697e362ee7e9ca977b7550b3e4f955fc5bf27d,2175
0x18f36d3222324ddac1efd0a524aabfb9d77d8041,2171
0xbe4dca67d318f572869ed8845fe1d3869f98ed43,2112
0x747616c4a19bd9bf1e2b6c8a77d206ea1f9c6018,2105
0xcc9a66acf8574141b0e025202dd57649765a4be7,2082
0x2821e35072ccdad0d69665092f64eb280b385c73,2049
0x845a5797c0aa839d945b69346eea6c8b5dd5b396,2041
0x498757d666008ccb0ec5cfc790c5b7416659a741,2038
0xa5b6109ad2d35191b3bc32c00e4526be56fe321f,2038
0x812b17908972e3db860247303dd041312b821e0e,2037
0x0af1b410a7915ce6b4754b355d37cc38e59b7edd,2020
0x9515dc155712c39d9959bcf4bc6e0adf77577767,1994
0x452b2bc7c94515720b36d304ce33909a8323f3e3,1972
0xac0eb19063932aa59dc1eef989f79c959d225c52,1969
0xb64e6bef349a0d3e8571ac80b5ec522b417faeb6,1900
0xb7ec7bbd2d2193b47027247fc666fb342d23c4b5,1876
0x7c1231053af06c5cc1b49148b675df0ccfb32c0e,1873
0x6c9bc76f4261890dcaeaf931c159e32b2117c73b,1870
0xbbab7770066b2a3ae4862c2892e672e8adaf428e,1852
0x8419721412da63076b4556247a028e93ab51f9f4,1834
0xf0b49f1061c41098f70e1a6103e7626e4c89d8cb,1829
0xe4f5e0d5c033f517a943602df942e794a06bc123,1809
0x102c527714ab7e652630cac7a30abb482b041fd0,1799
0xd4e4078ca3495de5b1d4db434bebc5a986197782,1774
0x1aba27d6a420feb25af6cf6b80b93b7526725a71,1764
0x26936b691450a838b6df4965b58f2c53a9139d29,1753
0xa5e5be69c923c701ae6ac8f1f5936af3ae610c68,1739
0x2a7840daed4b3b941de611779ea68469fa88c1ae,1739
0xb88924408a95917c75de67fc9fbdc4af992979c3,1738
0x85e4cd785887cad7c6be93f2f34d5fa683f9bfcd,1717
0x772da237fc93ded712e5823b497db5991cc6951e,1717
0x56d26dcf777da81fca4e9926bda3738d3550398a,1695
0x8200341ffa058a4b2fa5bef16c8cca0330d529ed,1675
0x84f4226af1eb4b5e76c5dd203eef7f1f3452fb9d,1666
0x2290995bb9c481306f83bd8f549d9f1c41357444,1663
0xce890b99a8987145b3bac7f5eba4a8bda8f0989b,1658
0xee8623fea1f2350b72476d5152e2f44a272b8bdd,1656
0xbe9016637da8a4d53d51c32ed62877eb15360ec8,1639
0x4787993750b897fba6aad9e7328fc4f5c126e17c,1632
0xa068345a625542fe49c299c8df309a920a184200,1629
0xf20f4a5028a8e8e5692bd6fafd06f594f52848d3,1629
0x86e4dc25259ee2191cd8ae40e1865b9f0319646c,1591
0x752063605629f7eed2f7039aae3dc0c140e92786,1589
0xa1d121abe654d2a7c44f5b0f4752599746162cc4,1586
0x2ba797c234c8fe25847225b11b616bce729b0b53,1585
0x7fc0552df341fe7052efc8a2806a7c9bddeb23d0,1562
0x225ad9683005ce6fde4eae78c7ed91a499182378,1552
0x117cb292e97a593fbca38b5cd60ec7144d4ca8c9,1503
0xa690f6a9fa8bcef284f2f4aeb1add87e1d9a4465,1503
0xa01a45394d98a67be493bcfc62a308847e6eb7fd,1498
0x96313f2c374f901e3831ea6de67b1165c4f39a54,1488
0x2f2d5aa0efdb9ca3c9bb789693d06bebea88792f,1473
0xab55903841e9d755ac512e9cca39def98eb64943,1473
0x88d623ab2cf63e05edfead7462c34f048b55d75b,1469
0x947600ad1ad2fadf88faf7d30193d363208fc76d,1452
0x6748746ebd1e29c14e16ff1fa607578e26e3b914,1440
0x9f2a7b5e6280727cd6c8486f5f96e5f76164f2df,1422
0x95aa0dc2406820239b139cdc6c2c4b1569ac8717,1422
0x324ac93dedc7c0290c62bdf5395eb6148c7192b6,1418
0xf7f6c2836293a661be2690fbacae97f3f027e9c4,1414
0x6ebeaf8e8e946f0716e6533a6f2cefc83f60e8ab,1412
0xa181b8c9f6b43b8252c6c9826cf5feba362b542e,1402
0x69fe5b1e12104d7fd87cd290a64aee2fb14d9d1a,1397
0x054df44d9bf67e87e09de919086bf12633f6bcf5,1390
0x4a9b2f7888a7cf3665cdbcc3239e8c50bb9686eb,1388
0x60f3680350f65beb2752788cb48abfce84a4759e,1372
0x07925fbd9a9bad7f7ccad02353d0fe24b99aabb2,1350
0xe04fe81304e4c1f7edbcb46f239199876400c712,1336
0x16d790ad4e33725d44741251f100e635c323beb9,1328
0xb55c5cac5014c662fdbf21a2c59cd45403c482fd,1322
0x47a15658051e1c68795f8d51d1f29de8b6ccacd2,1314
0x38957b95ba3da5329acd660debaac1e72fa5c2f1,1309
0x510214a82ad0d91db6db49763630da3abf86de7e,1305
0x6c837602c30cd67484b43f48ebf03191361703f7,1296
0xed023b117953fcfaa92150d3ebe3e987d19563ce,1294
0xf15666603540fb9218b85567ee833455cb586dc0,1287
0x4a1913ba499587a0ed2ad4f93d9857a803b74281,1282
0x63b7a26e0f0089a73e8d66b8ad7fa2c54cd5b8fe,1282
0x156b05b48625ab11777c79d1b860c89d72cf9a3d,1254
0xcddcc63883683a3e6d5537d0b47074c3accc790e,1234
0x14c4293d7e7325cec8c52cea3df37d91aa9cc7b6,1234
0x85b2949cea65add49c69dac77fb052596bc5ddd4,1233
0x960f401aed58668ef476ef02b2a2d43b83c261d8,1231
0x50297ae40669344996c4e1a4a98e73ec994df589,1229
0x4201db13824a50a11f931169b2f0bca9cac23614,1227
0xf24c63438ae11cb3facb84006f4cfa75458126ed,1225
0xcf0010af06edff540af798d06e866d95cbdc8488,1215
0xdfe0e36ea59dd7bcf8e72b3aa38d7ff1f472f1ce,1208
0x5696aa328b0cc25199d4d3bb486afe1026c88eb3,1206
0xffd0b80c0a070cde7a11034fb4cf393637be0a61,1206
0xd4202b234c15255bf0511d3380e83bda9172a72b,1205
0xb3b1f75b8b6c3c0f941bff34241a102454832943,1199
0x30a2fa3c93fb9f93d1efeffd350c6a6bb62ba000,1193
0x476c331d7f6569dc4bd16ef6673f7a89cd6f37c3,1191
0xc22faf9f506e63e6f4f0088d15e9197b27c77ac7,1182
0xb12e260275bcd28e6f8820666ba02c67c9600843,1175
0x34d77a17038491a2a9eaa6e690b7c7cd39fc8392,1168
0x552d72f86f04098a4eaeda6d7b665ac12f846ad2,1162
0x825c1d61a5b170808a31b895c26ee4f24b690d59,1141
0xa4497793305616c3b984597a6912d71f16f1572f,1123
0x702241c23f1add928c286e65b9e4adc993481702,1117
0x3b74618d5c023de31bd90fcdf5875099de46a864,1112
0x269e1e99806ca06f53dde2fe20656db82a341349,1112
0x5aeb706c39a76c31fa89bf726de1a6f7d6bc1a51,1110
0xa67aac23549f4c672256b59b43ab0bacfcfcd498,1106
0x6c7c97caff156473f6c9836522ae6e1d6448abe7,1100
0x8a8ec4cedf933dc983724c235fd4f4754ffbe6fc,1070
0x1eb7382976077f92cf25c27cc3b900a274fd0012,1069
0x543ecfb0d28fa40d639494957e7cba52460f490e,1067
0x6f69141c0419b1d94c29bd5972f99213c2ce7b92,1064
0x2ac3d21f49d7e4e4593713343b4088aa181f277a,1060
0x8c55b18e6bb7083b29102e57c34d0c3124c0a952,1052
0x8599ef76318dc3116a582ea20a37fb75b378fddb,1051
0x74cd98fbd837fe9200cf867f4b1ba9573c6d865e,1049
0xbc4aee331e970f6e7a5e91f7b911bdbfdf928a98,1049
0x943108bcdd1a2d5bad75b31d0b421b8170fd1192,1045
0x983050b84d1dba4a376b4efabc6bea420cb7d6e4,1045
0xe43f953a39a4681ac36f72977ec6998adc3d9f6a,1033
0x82b431bf57761c095b0a6a32b5c59861d11e988a,1018
0xaa8e5e4fb27f41c8b9e54e0526ccea477ee97938,1014
0xdb7e971d39367b20bcf4df5ae2da0fa4261bf0e8,1007
0x677566868c765c89a5057dc8ee1e78c1b48d9897,1007
0x3ad503084f1bd8d15a7f5ebe7a038c064e1e3fa1,1004
0xffdf17652cca46eb98a214cb3e413c8661241e49,1002
0x97d1761564c564fe0325e5538d35687a73970cd4,1002